feature_id,original_name
feature_0,Cells_AreaShape_BoundingBoxMaximum_Y
feature_1,Cells_AreaShape_Compactness
feature_2,Cells_AreaShape_Eccentricity
feature_3,Cells_AreaShape_Extent
feature_4,Cells_AreaShape_Solidity
feature_5,Cells_AreaShape_Zernike_1_1
feature_6,Cells_AreaShape_Zernike_2_0
feature_7,Cells_AreaShape_Zernike_2_2
feature_8,Cells_AreaShape_Zernike_3_1
feature_9,Cells_AreaShape_Zernike_3_3
feature_10,Cells_AreaShape_Zernike_4_0
feature_11,Cells_AreaShape_Zernike_4_4
feature_12,Cells_AreaShape_Zernike_5_1
feature_13,Cells_AreaShape_Zernike_5_3
feature_14,Cells_AreaShape_Zernike_5_5
feature_15,Cells_AreaShape_Zernike_6_0
feature_16,Cells_AreaShape_Zernike_6_2
feature_17,Cells_AreaShape_Zernike_6_6
feature_18,Cells_AreaShape_Zernike_7_1
feature_19,Cells_AreaShape_Zernike_7_3
feature_20,Cells_AreaShape_Zernike_7_7
feature_21,Cells_AreaShape_Zernike_8_0
feature_22,Cells_AreaShape_Zernike_8_2
feature_23,Cells_AreaShape_Zernike_8_4
feature_24,Cells_AreaShape_Zernike_8_8
feature_25,Cells_AreaShape_Zernike_9_1
feature_26,Cells_AreaShape_Zernike_9_3
feature_27,Cells_AreaShape_Zernike_9_5
feature_28,Cells_AreaShape_Zernike_9_9
feature_29,Cells_Correlation_Correlation_AGP_Brightfield
feature_30,Cells_Correlation_Correlation_AGP_DNA
feature_31,Cells_Correlation_Correlation_AGP_ER
feature_32,Cells_Correlation_Correlation_AGP_Mito
feature_33,Cells_Correlation_Correlation_AGP_RNA
feature_34,Cells_Correlation_Correlation_Brightfield_DNA
feature_35,Cells_Correlation_Correlation_Brightfield_HighZBF
feature_36,Cells_Correlation_Correlation_DNA_ER
feature_37,Cells_Correlation_Correlation_DNA_HighZBF
feature_38,Cells_Correlation_Correlation_DNA_LowZBF
feature_39,Cells_Correlation_Correlation_DNA_Mito
feature_40,Cells_Correlation_Correlation_DNA_RNA
feature_41,Cells_Correlation_Correlation_ER_RNA
feature_42,Cells_Correlation_Correlation_HighZBF_Mito
feature_43,Cells_Correlation_Correlation_HighZBF_RNA
feature_44,Cells_Correlation_Correlation_LowZBF_RNA
feature_45,Cells_Correlation_Correlation_Mito_RNA
feature_46,Cells_Correlation_K_AGP_ER
feature_47,Cells_Correlation_K_AGP_Mito
feature_48,Cells_Correlation_K_AGP_RNA
feature_49,Cells_Correlation_K_Brightfield_HighZBF
feature_50,Cells_Correlation_K_DNA_LowZBF
feature_51,Cells_Correlation_K_DNA_Mito
feature_52,Cells_Correlation_K_ER_AGP
feature_53,Cells_Correlation_K_HighZBF_LowZBF
feature_54,Cells_Correlation_K_Mito_DNA
feature_55,Cells_Correlation_K_Mito_ER
feature_56,Cells_Correlation_K_RNA_ER
feature_57,Cells_Correlation_K_RNA_Mito
feature_58,Cells_Correlation_Manders_AGP_RNA
feature_59,Cells_Correlation_Manders_DNA_AGP
feature_60,Cells_Correlation_Manders_DNA_ER
feature_61,Cells_Correlation_Manders_DNA_Mito
feature_62,Cells_Correlation_Manders_DNA_RNA
feature_63,Cells_Correlation_Manders_ER_RNA
feature_64,Cells_Correlation_Manders_HighZBF_DNA
feature_65,Cells_Correlation_Manders_Mito_RNA
feature_66,Cells_Correlation_Manders_RNA_AGP
feature_67,Cells_Correlation_Overlap_AGP_Brightfield
feature_68,Cells_Correlation_Overlap_AGP_DNA
feature_69,Cells_Correlation_Overlap_AGP_ER
feature_70,Cells_Correlation_Overlap_AGP_HighZBF
feature_71,Cells_Correlation_Overlap_AGP_Mito
feature_72,Cells_Correlation_Overlap_AGP_RNA
feature_73,Cells_Correlation_Overlap_Brightfield_RNA
feature_74,Cells_Correlation_Overlap_DNA_ER
feature_75,Cells_Correlation_Overlap_DNA_LowZBF
feature_76,Cells_Correlation_Overlap_DNA_Mito
feature_77,Cells_Correlation_Overlap_DNA_RNA
feature_78,Cells_Correlation_Overlap_ER_HighZBF
feature_79,Cells_Correlation_Overlap_ER_Mito
feature_80,Cells_Correlation_Overlap_ER_RNA
feature_81,Cells_Correlation_Overlap_HighZBF_RNA
feature_82,Cells_Correlation_Overlap_LowZBF_Mito
feature_83,Cells_Correlation_Overlap_Mito_RNA
feature_84,Cells_Correlation_RWC_AGP_Brightfield
feature_85,Cells_Correlation_RWC_AGP_DNA
feature_86,Cells_Correlation_RWC_AGP_HighZBF
feature_87,Cells_Correlation_RWC_AGP_RNA
feature_88,Cells_Correlation_RWC_Brightfield_AGP
feature_89,Cells_Correlation_RWC_Brightfield_ER
feature_90,Cells_Correlation_RWC_DNA_AGP
feature_91,Cells_Correlation_RWC_DNA_Brightfield
feature_92,Cells_Correlation_RWC_DNA_ER
feature_93,Cells_Correlation_RWC_DNA_HighZBF
feature_94,Cells_Correlation_RWC_DNA_Mito
feature_95,Cells_Correlation_RWC_DNA_RNA
feature_96,Cells_Correlation_RWC_ER_AGP
feature_97,Cells_Correlation_RWC_ER_DNA
feature_98,Cells_Correlation_RWC_ER_HighZBF
feature_99,Cells_Correlation_RWC_ER_Mito
feature_100,Cells_Correlation_RWC_ER_RNA
feature_101,Cells_Correlation_RWC_Mito_Brightfield
feature_102,Cells_Correlation_RWC_Mito_RNA
feature_103,Cells_Correlation_RWC_RNA_HighZBF
feature_104,Cells_Correlation_RWC_RNA_Mito
feature_105,Cells_Granularity_10_AGP
feature_106,Cells_Granularity_11_AGP
feature_107,Cells_Granularity_11_RNA
feature_108,Cells_Granularity_12_Brightfield
feature_109,Cells_Granularity_12_ER
feature_110,Cells_Granularity_15_ER
feature_111,Cells_Granularity_15_RNA
feature_112,Cells_Granularity_16_DNA
feature_113,Cells_Granularity_16_ER
feature_114,Cells_Granularity_16_RNA
feature_115,Cells_Granularity_1_LowZBF
feature_116,Cells_Granularity_2_AGP
feature_117,Cells_Granularity_2_ER
feature_118,Cells_Granularity_2_Mito
feature_119,Cells_Granularity_2_RNA
feature_120,Cells_Granularity_3_AGP
feature_121,Cells_Granularity_3_ER
feature_122,Cells_Granularity_3_Mito
feature_123,Cells_Granularity_4_HighZBF
feature_124,Cells_Granularity_5_Brightfield
feature_125,Cells_Granularity_6_Brightfield
feature_126,Cells_Granularity_6_DNA
feature_127,Cells_Granularity_7_DNA
feature_128,Cells_Granularity_8_AGP
feature_129,Cells_Granularity_8_Brightfield
feature_130,Cells_Granularity_8_DNA
feature_131,Cells_Granularity_8_LowZBF
feature_132,Cells_Granularity_9_AGP
feature_133,Cells_Granularity_9_Brightfield
feature_134,Cells_Granularity_9_DNA
feature_135,Cells_Granularity_9_LowZBF
feature_136,Cells_Intensity_IntegratedIntensityEdge_AGP
feature_137,Cells_Intensity_IntegratedIntensityEdge_ER
feature_138,Cells_Intensity_IntegratedIntensityEdge_Mito
feature_139,Cells_Intensity_IntegratedIntensity_RNA
feature_140,Cells_Intensity_MassDisplacement_DNA
feature_141,Cells_Intensity_MassDisplacement_LowZBF
feature_142,Cells_Intensity_MassDisplacement_Mito
feature_143,Cells_Intensity_MassDisplacement_RNA
feature_144,Cells_Intensity_MaxIntensityEdge_AGP
feature_145,Cells_Intensity_MaxIntensityEdge_Mito
feature_146,Cells_Intensity_MaxIntensityEdge_RNA
feature_147,Cells_Intensity_MaxIntensity_LowZBF
feature_148,Cells_Intensity_MeanIntensityEdge_AGP
feature_149,Cells_Intensity_MeanIntensityEdge_DNA
feature_150,Cells_Intensity_MeanIntensityEdge_ER
feature_151,Cells_Intensity_MeanIntensityEdge_RNA
feature_152,Cells_Intensity_MeanIntensity_RNA
feature_153,Cells_Intensity_MedianIntensity_DNA
feature_154,Cells_Intensity_MinIntensityEdge_DNA
feature_155,Cells_Intensity_MinIntensityEdge_HighZBF
feature_156,Cells_Intensity_MinIntensityEdge_RNA
feature_157,Cells_Intensity_StdIntensityEdge_Brightfield
feature_158,Cells_Intensity_StdIntensityEdge_HighZBF
feature_159,Cells_Intensity_UpperQuartileIntensity_Brightfield
feature_160,Cells_Neighbors_FirstClosestDistance_Adjacent
feature_161,Cells_Neighbors_PercentTouching_Adjacent
feature_162,Cells_Parent_Nuclei
feature_163,Cells_RadialDistribution_FracAtD_AGP_3of4
feature_164,Cells_RadialDistribution_FracAtD_DNA_2of4
feature_165,Cells_RadialDistribution_FracAtD_DNA_3of4
feature_166,Cells_RadialDistribution_FracAtD_ER_1of4
feature_167,Cells_RadialDistribution_FracAtD_ER_3of4
feature_168,Cells_RadialDistribution_FracAtD_ER_4of4
feature_169,Cells_RadialDistribution_FracAtD_HighZBF_4of4
feature_170,Cells_RadialDistribution_FracAtD_LowZBF_3of4
feature_171,Cells_RadialDistribution_FracAtD_Mito_3of4
feature_172,Cells_RadialDistribution_MeanFrac_AGP_1of4
feature_173,Cells_RadialDistribution_MeanFrac_AGP_3of4
feature_174,Cells_RadialDistribution_MeanFrac_Brightfield_1of4
feature_175,Cells_RadialDistribution_MeanFrac_Brightfield_4of4
feature_176,Cells_RadialDistribution_MeanFrac_DNA_1of4
feature_177,Cells_RadialDistribution_MeanFrac_DNA_2of4
feature_178,Cells_RadialDistribution_MeanFrac_DNA_3of4
feature_179,Cells_RadialDistribution_MeanFrac_DNA_4of4
feature_180,Cells_RadialDistribution_MeanFrac_ER_1of4
feature_181,Cells_RadialDistribution_MeanFrac_ER_3of4
feature_182,Cells_RadialDistribution_MeanFrac_HighZBF_1of4
feature_183,Cells_RadialDistribution_MeanFrac_HighZBF_2of4
feature_184,Cells_RadialDistribution_MeanFrac_HighZBF_3of4
feature_185,Cells_RadialDistribution_MeanFrac_LowZBF_3of4
feature_186,Cells_RadialDistribution_MeanFrac_LowZBF_4of4
feature_187,Cells_RadialDistribution_MeanFrac_Mito_2of4
feature_188,Cells_RadialDistribution_MeanFrac_Mito_3of4
feature_189,Cells_RadialDistribution_MeanFrac_RNA_1of4
feature_190,Cells_RadialDistribution_RadialCV_AGP_1of4
feature_191,Cells_RadialDistribution_RadialCV_AGP_2of4
feature_192,Cells_RadialDistribution_RadialCV_AGP_3of4
feature_193,Cells_RadialDistribution_RadialCV_AGP_4of4
feature_194,Cells_RadialDistribution_RadialCV_DNA_1of4
feature_195,Cells_RadialDistribution_RadialCV_DNA_2of4
feature_196,Cells_RadialDistribution_RadialCV_DNA_3of4
feature_197,Cells_RadialDistribution_RadialCV_DNA_4of4
feature_198,Cells_RadialDistribution_RadialCV_ER_2of4
feature_199,Cells_RadialDistribution_RadialCV_ER_3of4
feature_200,Cells_RadialDistribution_RadialCV_Mito_1of4
feature_201,Cells_RadialDistribution_RadialCV_Mito_2of4
feature_202,Cells_RadialDistribution_RadialCV_Mito_3of4
feature_203,Cells_RadialDistribution_RadialCV_Mito_4of4
feature_204,Cells_RadialDistribution_RadialCV_RNA_1of4
feature_205,Cells_RadialDistribution_RadialCV_RNA_2of4
feature_206,Cells_RadialDistribution_RadialCV_RNA_3of4
feature_207,Cells_RadialDistribution_RadialCV_RNA_4of4
feature_208,Cells_Texture_AngularSecondMoment_DNA_10_01_256
feature_209,Cells_Texture_AngularSecondMoment_RNA_10_03_256
feature_210,Cells_Texture_Correlation_AGP_3_00_256
feature_211,Cells_Texture_Correlation_Brightfield_3_00_256
feature_212,Cells_Texture_Correlation_Brightfield_5_02_256
feature_213,Cells_Texture_Correlation_DNA_3_00_256
feature_214,Cells_Texture_Correlation_ER_3_00_256
feature_215,Cells_Texture_Correlation_HighZBF_10_03_256
feature_216,Cells_Texture_Correlation_HighZBF_3_03_256
feature_217,Cells_Texture_Correlation_HighZBF_5_00_256
feature_218,Cells_Texture_Correlation_HighZBF_5_01_256
feature_219,Cells_Texture_Correlation_HighZBF_5_02_256
feature_220,Cells_Texture_Correlation_LowZBF_3_00_256
feature_221,Cells_Texture_Correlation_LowZBF_3_01_256
feature_222,Cells_Texture_Correlation_LowZBF_3_03_256
feature_223,Cells_Texture_Correlation_LowZBF_5_00_256
feature_224,Cells_Texture_Correlation_LowZBF_5_02_256
feature_225,Cells_Texture_Correlation_LowZBF_5_03_256
feature_226,Cells_Texture_Correlation_Mito_3_02_256
feature_227,Cells_Texture_Correlation_RNA_3_00_256
feature_228,Cells_Texture_DifferenceVariance_AGP_10_03_256
feature_229,Cells_Texture_DifferenceVariance_DNA_10_03_256
feature_230,Cells_Texture_InfoMeas1_AGP_10_02_256
feature_231,Cells_Texture_InfoMeas1_AGP_5_02_256
feature_232,Cells_Texture_InfoMeas1_DNA_3_03_256
feature_233,Cells_Texture_InfoMeas1_ER_10_02_256
feature_234,Cells_Texture_InfoMeas1_ER_5_02_256
feature_235,Cells_Texture_InfoMeas1_HighZBF_3_02_256
feature_236,Cells_Texture_InfoMeas1_Mito_10_02_256
feature_237,Cells_Texture_InfoMeas1_Mito_10_03_256
feature_238,Cells_Texture_InfoMeas1_Mito_5_00_256
feature_239,Cells_Texture_InfoMeas1_Mito_5_03_256
feature_240,Cells_Texture_InfoMeas1_RNA_3_02_256
feature_241,Cells_Texture_InfoMeas2_AGP_3_02_256
feature_242,Cells_Texture_InfoMeas2_DNA_3_02_256
feature_243,Cells_Texture_InfoMeas2_RNA_3_02_256
feature_244,Cells_Texture_InverseDifferenceMoment_DNA_10_03_256
feature_245,Cells_Texture_SumEntropy_DNA_10_01_256
feature_246,Cytoplasm_AreaShape_Extent
feature_247,Cytoplasm_AreaShape_FormFactor
feature_248,Cytoplasm_AreaShape_Orientation
feature_249,Cytoplasm_AreaShape_Solidity
feature_250,Cytoplasm_AreaShape_Zernike_0_0
feature_251,Cytoplasm_AreaShape_Zernike_1_1
feature_252,Cytoplasm_AreaShape_Zernike_2_0
feature_253,Cytoplasm_AreaShape_Zernike_2_2
feature_254,Cytoplasm_AreaShape_Zernike_3_1
feature_255,Cytoplasm_AreaShape_Zernike_4_2
feature_256,Cytoplasm_AreaShape_Zernike_5_1
feature_257,Cytoplasm_AreaShape_Zernike_5_3
feature_258,Cytoplasm_AreaShape_Zernike_6_0
feature_259,Cytoplasm_AreaShape_Zernike_6_2
feature_260,Cytoplasm_AreaShape_Zernike_6_4
feature_261,Cytoplasm_AreaShape_Zernike_7_1
feature_262,Cytoplasm_AreaShape_Zernike_7_3
feature_263,Cytoplasm_AreaShape_Zernike_7_5
feature_264,Cytoplasm_AreaShape_Zernike_8_0
feature_265,Cytoplasm_AreaShape_Zernike_8_2
feature_266,Cytoplasm_AreaShape_Zernike_8_4
feature_267,Cytoplasm_AreaShape_Zernike_8_6
feature_268,Cytoplasm_AreaShape_Zernike_9_1
feature_269,Cytoplasm_AreaShape_Zernike_9_3
feature_270,Cytoplasm_AreaShape_Zernike_9_5
feature_271,Cytoplasm_AreaShape_Zernike_9_7
feature_272,Cytoplasm_Correlation_Correlation_AGP_DNA
feature_273,Cytoplasm_Correlation_Correlation_AGP_ER
feature_274,Cytoplasm_Correlation_Correlation_Brightfield_DNA
feature_275,Cytoplasm_Correlation_Correlation_Brightfield_Mito
feature_276,Cytoplasm_Correlation_Correlation_DNA_HighZBF
feature_277,Cytoplasm_Correlation_Correlation_DNA_LowZBF
feature_278,Cytoplasm_Correlation_Correlation_DNA_RNA
feature_279,Cytoplasm_Correlation_Correlation_ER_Mito
feature_280,Cytoplasm_Correlation_Correlation_ER_RNA
feature_281,Cytoplasm_Correlation_Correlation_HighZBF_LowZBF
feature_282,Cytoplasm_Correlation_Correlation_HighZBF_Mito
feature_283,Cytoplasm_Correlation_Correlation_LowZBF_RNA
feature_284,Cytoplasm_Correlation_Correlation_Mito_RNA
feature_285,Cytoplasm_Correlation_K_AGP_DNA
feature_286,Cytoplasm_Correlation_K_AGP_ER
feature_287,Cytoplasm_Correlation_K_AGP_HighZBF
feature_288,Cytoplasm_Correlation_K_Brightfield_LowZBF
feature_289,Cytoplasm_Correlation_K_DNA_AGP
feature_290,Cytoplasm_Correlation_K_DNA_ER
feature_291,Cytoplasm_Correlation_K_DNA_HighZBF
feature_292,Cytoplasm_Correlation_K_DNA_Mito
feature_293,Cytoplasm_Correlation_K_DNA_RNA
feature_294,Cytoplasm_Correlation_K_ER_DNA
feature_295,Cytoplasm_Correlation_K_ER_HighZBF
feature_296,Cytoplasm_Correlation_K_ER_RNA
feature_297,Cytoplasm_Correlation_K_HighZBF_Mito
feature_298,Cytoplasm_Correlation_K_Mito_AGP
feature_299,Cytoplasm_Correlation_K_Mito_DNA
feature_300,Cytoplasm_Correlation_K_Mito_HighZBF
feature_301,Cytoplasm_Correlation_K_RNA_HighZBF
feature_302,Cytoplasm_Correlation_Manders_AGP_ER
feature_303,Cytoplasm_Correlation_Manders_AGP_RNA
feature_304,Cytoplasm_Correlation_Manders_DNA_AGP
feature_305,Cytoplasm_Correlation_Manders_DNA_ER
feature_306,Cytoplasm_Correlation_Manders_DNA_Mito
feature_307,Cytoplasm_Correlation_Manders_DNA_RNA
feature_308,Cytoplasm_Correlation_Manders_ER_AGP
feature_309,Cytoplasm_Correlation_Manders_ER_RNA
feature_310,Cytoplasm_Correlation_Manders_LowZBF_Mito
feature_311,Cytoplasm_Correlation_Manders_Mito_AGP
feature_312,Cytoplasm_Correlation_Manders_Mito_ER
feature_313,Cytoplasm_Correlation_Manders_RNA_ER
feature_314,Cytoplasm_Correlation_Manders_RNA_Mito
feature_315,Cytoplasm_Correlation_Overlap_AGP_DNA
feature_316,Cytoplasm_Correlation_Overlap_AGP_ER
feature_317,Cytoplasm_Correlation_Overlap_AGP_LowZBF
feature_318,Cytoplasm_Correlation_Overlap_AGP_Mito
feature_319,Cytoplasm_Correlation_Overlap_DNA_ER
feature_320,Cytoplasm_Correlation_Overlap_DNA_HighZBF
feature_321,Cytoplasm_Correlation_Overlap_DNA_Mito
feature_322,Cytoplasm_Correlation_Overlap_DNA_RNA
feature_323,Cytoplasm_Correlation_Overlap_ER_HighZBF
feature_324,Cytoplasm_Correlation_Overlap_ER_RNA
feature_325,Cytoplasm_Correlation_Overlap_LowZBF_RNA
feature_326,Cytoplasm_Correlation_Overlap_Mito_RNA
feature_327,Cytoplasm_Correlation_RWC_AGP_Brightfield
feature_328,Cytoplasm_Correlation_RWC_AGP_HighZBF
feature_329,Cytoplasm_Correlation_RWC_AGP_Mito
feature_330,Cytoplasm_Correlation_RWC_AGP_RNA
feature_331,Cytoplasm_Correlation_RWC_Brightfield_LowZBF
feature_332,Cytoplasm_Correlation_RWC_DNA_Brightfield
feature_333,Cytoplasm_Correlation_RWC_DNA_HighZBF
feature_334,Cytoplasm_Correlation_RWC_DNA_Mito
feature_335,Cytoplasm_Correlation_RWC_DNA_RNA
feature_336,Cytoplasm_Correlation_RWC_ER_AGP
feature_337,Cytoplasm_Correlation_RWC_ER_HighZBF
feature_338,Cytoplasm_Correlation_RWC_ER_LowZBF
feature_339,Cytoplasm_Correlation_RWC_ER_RNA
feature_340,Cytoplasm_Correlation_RWC_LowZBF_HighZBF
feature_341,Cytoplasm_Correlation_RWC_Mito_Brightfield
feature_342,Cytoplasm_Correlation_RWC_Mito_HighZBF
feature_343,Cytoplasm_Correlation_RWC_Mito_RNA
feature_344,Cytoplasm_Correlation_RWC_RNA_Brightfield
feature_345,Cytoplasm_Correlation_RWC_RNA_DNA
feature_346,Cytoplasm_Correlation_RWC_RNA_HighZBF
feature_347,Cytoplasm_Granularity_10_DNA
feature_348,Cytoplasm_Granularity_10_HighZBF
feature_349,Cytoplasm_Granularity_10_LowZBF
feature_350,Cytoplasm_Granularity_11_LowZBF
feature_351,Cytoplasm_Granularity_12_LowZBF
feature_352,Cytoplasm_Granularity_13_Brightfield
feature_353,Cytoplasm_Granularity_13_LowZBF
feature_354,Cytoplasm_Granularity_14_Brightfield
feature_355,Cytoplasm_Granularity_14_LowZBF
feature_356,Cytoplasm_Granularity_15_Brightfield
feature_357,Cytoplasm_Granularity_16_Brightfield
feature_358,Cytoplasm_Granularity_1_Brightfield
feature_359,Cytoplasm_Granularity_1_HighZBF
feature_360,Cytoplasm_Granularity_1_LowZBF
feature_361,Cytoplasm_Granularity_1_Mito
feature_362,Cytoplasm_Granularity_2_AGP
feature_363,Cytoplasm_Granularity_2_Brightfield
feature_364,Cytoplasm_Granularity_2_DNA
feature_365,Cytoplasm_Granularity_2_ER
feature_366,Cytoplasm_Granularity_2_HighZBF
feature_367,Cytoplasm_Granularity_2_LowZBF
feature_368,Cytoplasm_Granularity_2_Mito
feature_369,Cytoplasm_Granularity_2_RNA
feature_370,Cytoplasm_Granularity_3_AGP
feature_371,Cytoplasm_Granularity_3_DNA
feature_372,Cytoplasm_Granularity_3_ER
feature_373,Cytoplasm_Granularity_3_LowZBF
feature_374,Cytoplasm_Granularity_3_Mito
feature_375,Cytoplasm_Granularity_3_RNA
feature_376,Cytoplasm_Granularity_4_AGP
feature_377,Cytoplasm_Granularity_4_Brightfield
feature_378,Cytoplasm_Granularity_4_DNA
feature_379,Cytoplasm_Granularity_4_ER
feature_380,Cytoplasm_Granularity_4_Mito
feature_381,Cytoplasm_Granularity_4_RNA
feature_382,Cytoplasm_Granularity_5_AGP
feature_383,Cytoplasm_Granularity_5_ER
feature_384,Cytoplasm_Granularity_5_LowZBF
feature_385,Cytoplasm_Granularity_5_Mito
feature_386,Cytoplasm_Granularity_5_RNA
feature_387,Cytoplasm_Granularity_6_DNA
feature_388,Cytoplasm_Granularity_6_LowZBF
feature_389,Cytoplasm_Granularity_6_Mito
feature_390,Cytoplasm_Granularity_7_DNA
feature_391,Cytoplasm_Granularity_8_DNA
feature_392,Cytoplasm_Granularity_9_AGP
feature_393,Cytoplasm_Granularity_9_DNA
feature_394,Cytoplasm_Intensity_IntegratedIntensityEdge_AGP
feature_395,Cytoplasm_Intensity_IntegratedIntensityEdge_DNA
feature_396,Cytoplasm_Intensity_IntegratedIntensityEdge_ER
feature_397,Cytoplasm_Intensity_IntegratedIntensityEdge_RNA
feature_398,Cytoplasm_Intensity_IntegratedIntensity_Mito
feature_399,Cytoplasm_Intensity_LowerQuartileIntensity_AGP
feature_400,Cytoplasm_Intensity_LowerQuartileIntensity_ER
feature_401,Cytoplasm_Intensity_MADIntensity_Brightfield
feature_402,Cytoplasm_Intensity_MADIntensity_HighZBF
feature_403,Cytoplasm_Intensity_MassDisplacement_DNA
feature_404,Cytoplasm_Intensity_MaxIntensity_AGP
feature_405,Cytoplasm_Intensity_MaxIntensity_ER
feature_406,Cytoplasm_Intensity_MaxIntensity_LowZBF
feature_407,Cytoplasm_Intensity_MeanIntensityEdge_AGP
feature_408,Cytoplasm_Intensity_MeanIntensityEdge_ER
feature_409,Cytoplasm_Intensity_MeanIntensityEdge_RNA
feature_410,Cytoplasm_Intensity_MedianIntensity_AGP
feature_411,Cytoplasm_Intensity_MedianIntensity_RNA
feature_412,Cytoplasm_Intensity_MinIntensityEdge_Mito
feature_413,Cytoplasm_Intensity_MinIntensity_AGP
feature_414,Cytoplasm_Intensity_MinIntensity_Brightfield
feature_415,Cytoplasm_Intensity_MinIntensity_ER
feature_416,Cytoplasm_Intensity_MinIntensity_HighZBF
feature_417,Cytoplasm_RadialDistribution_FracAtD_DNA_2of4
feature_418,Cytoplasm_RadialDistribution_FracAtD_DNA_4of4
feature_419,Cytoplasm_RadialDistribution_FracAtD_LowZBF_3of4
feature_420,Cytoplasm_RadialDistribution_FracAtD_LowZBF_4of4
feature_421,Cytoplasm_RadialDistribution_FracAtD_Mito_2of4
feature_422,Cytoplasm_RadialDistribution_FracAtD_Mito_4of4
feature_423,Cytoplasm_RadialDistribution_FracAtD_RNA_3of4
feature_424,Cytoplasm_RadialDistribution_MeanFrac_AGP_1of4
feature_425,Cytoplasm_RadialDistribution_MeanFrac_AGP_4of4
feature_426,Cytoplasm_RadialDistribution_MeanFrac_Brightfield_1of4
feature_427,Cytoplasm_RadialDistribution_MeanFrac_Brightfield_2of4
feature_428,Cytoplasm_RadialDistribution_MeanFrac_Brightfield_3of4
feature_429,Cytoplasm_RadialDistribution_MeanFrac_DNA_1of4
feature_430,Cytoplasm_RadialDistribution_MeanFrac_DNA_4of4
feature_431,Cytoplasm_RadialDistribution_MeanFrac_ER_2of4
feature_432,Cytoplasm_RadialDistribution_MeanFrac_ER_3of4
feature_433,Cytoplasm_RadialDistribution_MeanFrac_ER_4of4
feature_434,Cytoplasm_RadialDistribution_MeanFrac_HighZBF_1of4
feature_435,Cytoplasm_RadialDistribution_MeanFrac_HighZBF_2of4
feature_436,Cytoplasm_RadialDistribution_MeanFrac_HighZBF_3of4
feature_437,Cytoplasm_RadialDistribution_MeanFrac_LowZBF_4of4
feature_438,Cytoplasm_RadialDistribution_MeanFrac_Mito_3of4
feature_439,Cytoplasm_RadialDistribution_MeanFrac_Mito_4of4
feature_440,Cytoplasm_RadialDistribution_RadialCV_AGP_1of4
feature_441,Cytoplasm_RadialDistribution_RadialCV_AGP_3of4
feature_442,Cytoplasm_RadialDistribution_RadialCV_Brightfield_1of4
feature_443,Cytoplasm_RadialDistribution_RadialCV_DNA_1of4
feature_444,Cytoplasm_RadialDistribution_RadialCV_DNA_4of4
feature_445,Cytoplasm_RadialDistribution_RadialCV_ER_3of4
feature_446,Cytoplasm_RadialDistribution_RadialCV_ER_4of4
feature_447,Cytoplasm_RadialDistribution_RadialCV_HighZBF_1of4
feature_448,Cytoplasm_RadialDistribution_RadialCV_Mito_1of4
feature_449,Cytoplasm_RadialDistribution_RadialCV_Mito_4of4
feature_450,Cytoplasm_RadialDistribution_RadialCV_RNA_3of4
feature_451,Cytoplasm_Texture_AngularSecondMoment_Brightfield_3_00_256
feature_452,Cytoplasm_Texture_AngularSecondMoment_ER_10_00_256
feature_453,Cytoplasm_Texture_AngularSecondMoment_HighZBF_3_02_256
feature_454,Cytoplasm_Texture_AngularSecondMoment_LowZBF_3_00_256
feature_455,Cytoplasm_Texture_AngularSecondMoment_Mito_10_01_256
feature_456,Cytoplasm_Texture_Contrast_Brightfield_10_01_256
feature_457,Cytoplasm_Texture_Contrast_DNA_10_00_256
feature_458,Cytoplasm_Texture_Contrast_DNA_3_00_256
feature_459,Cytoplasm_Texture_Contrast_Mito_3_00_256
feature_460,Cytoplasm_Texture_Correlation_AGP_10_03_256
feature_461,Cytoplasm_Texture_Correlation_AGP_3_00_256
feature_462,Cytoplasm_Texture_Correlation_Brightfield_3_00_256
feature_463,Cytoplasm_Texture_Correlation_Brightfield_3_02_256
feature_464,Cytoplasm_Texture_Correlation_DNA_3_03_256
feature_465,Cytoplasm_Texture_Correlation_ER_3_02_256
feature_466,Cytoplasm_Texture_Correlation_HighZBF_3_00_256
feature_467,Cytoplasm_Texture_Correlation_HighZBF_3_01_256
feature_468,Cytoplasm_Texture_Correlation_HighZBF_3_02_256
feature_469,Cytoplasm_Texture_Correlation_HighZBF_3_03_256
feature_470,Cytoplasm_Texture_Correlation_HighZBF_5_00_256
feature_471,Cytoplasm_Texture_Correlation_HighZBF_5_02_256
feature_472,Cytoplasm_Texture_Correlation_LowZBF_10_02_256
feature_473,Cytoplasm_Texture_Correlation_LowZBF_10_03_256
feature_474,Cytoplasm_Texture_Correlation_LowZBF_3_00_256
feature_475,Cytoplasm_Texture_Correlation_LowZBF_3_01_256
feature_476,Cytoplasm_Texture_Correlation_LowZBF_3_02_256
feature_477,Cytoplasm_Texture_Correlation_LowZBF_3_03_256
feature_478,Cytoplasm_Texture_Correlation_LowZBF_5_00_256
feature_479,Cytoplasm_Texture_Correlation_LowZBF_5_02_256
feature_480,Cytoplasm_Texture_Correlation_Mito_3_00_256
feature_481,Cytoplasm_Texture_DifferenceEntropy_RNA_10_01_256
feature_482,Cytoplasm_Texture_DifferenceVariance_DNA_10_03_256
feature_483,Cytoplasm_Texture_DifferenceVariance_Mito_5_03_256
feature_484,Cytoplasm_Texture_DifferenceVariance_RNA_10_03_256
feature_485,Cytoplasm_Texture_DifferenceVariance_RNA_5_03_256
feature_486,Cytoplasm_Texture_Entropy_AGP_10_03_256
feature_487,Cytoplasm_Texture_Entropy_Brightfield_10_03_256
feature_488,Cytoplasm_Texture_Entropy_ER_10_03_256
feature_489,Cytoplasm_Texture_Entropy_HighZBF_10_03_256
feature_490,Cytoplasm_Texture_Entropy_Mito_10_03_256
feature_491,Cytoplasm_Texture_Entropy_RNA_10_02_256
feature_492,Cytoplasm_Texture_InfoMeas1_AGP_3_00_256
feature_493,Cytoplasm_Texture_InfoMeas1_Brightfield_3_00_256
feature_494,Cytoplasm_Texture_InfoMeas1_DNA_10_00_256
feature_495,Cytoplasm_Texture_InfoMeas1_DNA_10_01_256
feature_496,Cytoplasm_Texture_InfoMeas1_ER_10_02_256
feature_497,Cytoplasm_Texture_InfoMeas1_ER_5_00_256
feature_498,Cytoplasm_Texture_InfoMeas1_ER_5_01_256
feature_499,Cytoplasm_Texture_InfoMeas1_Mito_10_00_256
feature_500,Cytoplasm_Texture_InfoMeas1_Mito_10_01_256
feature_501,Cytoplasm_Texture_InfoMeas1_Mito_5_03_256
feature_502,Cytoplasm_Texture_InfoMeas1_RNA_3_00_256
feature_503,Cytoplasm_Texture_InfoMeas1_RNA_3_03_256
feature_504,Cytoplasm_Texture_InfoMeas1_RNA_5_01_256
feature_505,Cytoplasm_Texture_InfoMeas2_AGP_3_02_256
feature_506,Cytoplasm_Texture_InfoMeas2_Brightfield_3_00_256
feature_507,Cytoplasm_Texture_InfoMeas2_DNA_10_03_256
feature_508,Cytoplasm_Texture_InfoMeas2_DNA_5_02_256
feature_509,Cytoplasm_Texture_InfoMeas2_ER_5_03_256
feature_510,Cytoplasm_Texture_InfoMeas2_Mito_3_00_256
feature_511,Cytoplasm_Texture_InfoMeas2_RNA_5_02_256
feature_512,Cytoplasm_Texture_InverseDifferenceMoment_AGP_10_03_256
feature_513,Cytoplasm_Texture_InverseDifferenceMoment_ER_10_01_256
feature_514,Cytoplasm_Texture_InverseDifferenceMoment_RNA_10_01_256
feature_515,Cytoplasm_Texture_SumEntropy_DNA_10_00_256
feature_516,Cytoplasm_Texture_SumVariance_AGP_10_01_256
feature_517,Cytoplasm_Texture_SumVariance_Brightfield_3_03_256
feature_518,Cytoplasm_Texture_SumVariance_DNA_10_00_256
feature_519,Cytoplasm_Texture_SumVariance_DNA_3_01_256
feature_520,Cytoplasm_Texture_SumVariance_DNA_3_03_256
feature_521,Cytoplasm_Texture_SumVariance_ER_10_03_256
feature_522,Cytoplasm_Texture_SumVariance_Mito_10_02_256
feature_523,Nuclei_AreaShape_BoundingBoxArea
feature_524,Nuclei_AreaShape_BoundingBoxMinimum_X
feature_525,Nuclei_AreaShape_Compactness
feature_526,Nuclei_AreaShape_Eccentricity
feature_527,Nuclei_AreaShape_Extent
feature_528,Nuclei_AreaShape_Orientation
feature_529,Nuclei_AreaShape_Solidity
feature_530,Nuclei_AreaShape_Zernike_1_1
feature_531,Nuclei_AreaShape_Zernike_3_1
feature_532,Nuclei_AreaShape_Zernike_3_3
feature_533,Nuclei_AreaShape_Zernike_4_0
feature_534,Nuclei_AreaShape_Zernike_4_2
feature_535,Nuclei_AreaShape_Zernike_4_4
feature_536,Nuclei_AreaShape_Zernike_5_1
feature_537,Nuclei_AreaShape_Zernike_5_3
feature_538,Nuclei_AreaShape_Zernike_6_0
feature_539,Nuclei_AreaShape_Zernike_6_2
feature_540,Nuclei_AreaShape_Zernike_6_4
feature_541,Nuclei_AreaShape_Zernike_6_6
feature_542,Nuclei_AreaShape_Zernike_7_1
feature_543,Nuclei_AreaShape_Zernike_7_3
feature_544,Nuclei_AreaShape_Zernike_7_5
feature_545,Nuclei_AreaShape_Zernike_7_7
feature_546,Nuclei_AreaShape_Zernike_8_0
feature_547,Nuclei_AreaShape_Zernike_8_2
feature_548,Nuclei_AreaShape_Zernike_8_4
feature_549,Nuclei_AreaShape_Zernike_8_6
feature_550,Nuclei_AreaShape_Zernike_8_8
feature_551,Nuclei_AreaShape_Zernike_9_1
feature_552,Nuclei_AreaShape_Zernike_9_3
feature_553,Nuclei_AreaShape_Zernike_9_5
feature_554,Nuclei_AreaShape_Zernike_9_7
feature_555,Nuclei_AreaShape_Zernike_9_9
feature_556,Nuclei_Correlation_Correlation_AGP_Brightfield
feature_557,Nuclei_Correlation_Correlation_AGP_DNA
feature_558,Nuclei_Correlation_Correlation_AGP_ER
feature_559,Nuclei_Correlation_Correlation_AGP_HighZBF
feature_560,Nuclei_Correlation_Correlation_AGP_LowZBF
feature_561,Nuclei_Correlation_Correlation_AGP_Mito
feature_562,Nuclei_Correlation_Correlation_AGP_RNA
feature_563,Nuclei_Correlation_Correlation_Brightfield_DNA
feature_564,Nuclei_Correlation_Correlation_Brightfield_ER
feature_565,Nuclei_Correlation_Correlation_Brightfield_HighZBF
feature_566,Nuclei_Correlation_Correlation_Brightfield_LowZBF
feature_567,Nuclei_Correlation_Correlation_Brightfield_Mito
feature_568,Nuclei_Correlation_Correlation_Brightfield_RNA
feature_569,Nuclei_Correlation_Correlation_DNA_HighZBF
feature_570,Nuclei_Correlation_Correlation_DNA_LowZBF
feature_571,Nuclei_Correlation_Correlation_DNA_Mito
feature_572,Nuclei_Correlation_Correlation_DNA_RNA
feature_573,Nuclei_Correlation_Correlation_ER_HighZBF
feature_574,Nuclei_Correlation_Correlation_ER_Mito
feature_575,Nuclei_Correlation_Correlation_ER_RNA
feature_576,Nuclei_Correlation_Correlation_HighZBF_Mito
feature_577,Nuclei_Correlation_Correlation_HighZBF_RNA
feature_578,Nuclei_Correlation_Correlation_LowZBF_RNA
feature_579,Nuclei_Correlation_Correlation_Mito_RNA
feature_580,Nuclei_Correlation_K_AGP_DNA
feature_581,Nuclei_Correlation_K_AGP_ER
feature_582,Nuclei_Correlation_K_AGP_LowZBF
feature_583,Nuclei_Correlation_K_AGP_Mito
feature_584,Nuclei_Correlation_K_DNA_AGP
feature_585,Nuclei_Correlation_K_DNA_LowZBF
feature_586,Nuclei_Correlation_K_DNA_RNA
feature_587,Nuclei_Correlation_K_ER_AGP
feature_588,Nuclei_Correlation_K_ER_DNA
feature_589,Nuclei_Correlation_K_ER_Mito
feature_590,Nuclei_Correlation_K_LowZBF_Brightfield
feature_591,Nuclei_Correlation_K_RNA_AGP
feature_592,Nuclei_Correlation_K_RNA_DNA
feature_593,Nuclei_Correlation_K_RNA_LowZBF
feature_594,Nuclei_Correlation_K_RNA_Mito
feature_595,Nuclei_Correlation_Manders_LowZBF_ER
feature_596,Nuclei_Correlation_Overlap_AGP_ER
feature_597,Nuclei_Correlation_Overlap_AGP_LowZBF
feature_598,Nuclei_Correlation_Overlap_AGP_Mito
feature_599,Nuclei_Correlation_Overlap_AGP_RNA
feature_600,Nuclei_Correlation_Overlap_DNA_ER
feature_601,Nuclei_Correlation_Overlap_DNA_LowZBF
feature_602,Nuclei_Correlation_Overlap_DNA_Mito
feature_603,Nuclei_Correlation_Overlap_DNA_RNA
feature_604,Nuclei_Correlation_Overlap_ER_LowZBF
feature_605,Nuclei_Correlation_Overlap_ER_Mito
feature_606,Nuclei_Correlation_Overlap_ER_RNA
feature_607,Nuclei_Correlation_Overlap_LowZBF_Mito
feature_608,Nuclei_Correlation_Overlap_LowZBF_RNA
feature_609,Nuclei_Correlation_Overlap_Mito_RNA
feature_610,Nuclei_Correlation_RWC_AGP_Brightfield
feature_611,Nuclei_Correlation_RWC_AGP_HighZBF
feature_612,Nuclei_Correlation_RWC_AGP_LowZBF
feature_613,Nuclei_Correlation_RWC_DNA_Brightfield
feature_614,Nuclei_Correlation_RWC_DNA_HighZBF
feature_615,Nuclei_Correlation_RWC_DNA_LowZBF
feature_616,Nuclei_Correlation_RWC_ER_Brightfield
feature_617,Nuclei_Correlation_RWC_ER_HighZBF
feature_618,Nuclei_Correlation_RWC_HighZBF_Brightfield
feature_619,Nuclei_Correlation_RWC_HighZBF_LowZBF
feature_620,Nuclei_Correlation_RWC_HighZBF_Mito
feature_621,Nuclei_Correlation_RWC_HighZBF_RNA
feature_622,Nuclei_Correlation_RWC_LowZBF_AGP
feature_623,Nuclei_Correlation_RWC_LowZBF_Brightfield
feature_624,Nuclei_Correlation_RWC_LowZBF_DNA
feature_625,Nuclei_Correlation_RWC_LowZBF_ER
feature_626,Nuclei_Correlation_RWC_LowZBF_Mito
feature_627,Nuclei_Correlation_RWC_LowZBF_RNA
feature_628,Nuclei_Correlation_RWC_Mito_Brightfield
feature_629,Nuclei_Correlation_RWC_Mito_HighZBF
feature_630,Nuclei_Correlation_RWC_RNA_Brightfield
feature_631,Nuclei_Correlation_RWC_RNA_HighZBF
feature_632,Nuclei_Granularity_10_AGP
feature_633,Nuclei_Granularity_10_Brightfield
feature_634,Nuclei_Granularity_10_DNA
feature_635,Nuclei_Granularity_10_HighZBF
feature_636,Nuclei_Granularity_10_Mito
feature_637,Nuclei_Granularity_10_RNA
feature_638,Nuclei_Granularity_11_AGP
feature_639,Nuclei_Granularity_11_Brightfield
feature_640,Nuclei_Granularity_11_ER
feature_641,Nuclei_Granularity_11_HighZBF
feature_642,Nuclei_Granularity_11_Mito
feature_643,Nuclei_Granularity_11_RNA
feature_644,Nuclei_Granularity_12_AGP
feature_645,Nuclei_Granularity_12_ER
feature_646,Nuclei_Granularity_12_HighZBF
feature_647,Nuclei_Granularity_13_HighZBF
feature_648,Nuclei_Granularity_13_Mito
feature_649,Nuclei_Granularity_14_HighZBF
feature_650,Nuclei_Granularity_15_HighZBF
feature_651,Nuclei_Granularity_15_LowZBF
feature_652,Nuclei_Granularity_16_HighZBF
feature_653,Nuclei_Granularity_16_LowZBF
feature_654,Nuclei_Granularity_1_DNA
feature_655,Nuclei_Granularity_1_HighZBF
feature_656,Nuclei_Granularity_1_RNA
feature_657,Nuclei_Granularity_2_AGP
feature_658,Nuclei_Granularity_2_DNA
feature_659,Nuclei_Granularity_2_ER
feature_660,Nuclei_Granularity_2_HighZBF
feature_661,Nuclei_Granularity_2_LowZBF
feature_662,Nuclei_Granularity_2_Mito
feature_663,Nuclei_Granularity_2_RNA
feature_664,Nuclei_Granularity_3_AGP
feature_665,Nuclei_Granularity_3_DNA
feature_666,Nuclei_Granularity_3_Mito
feature_667,Nuclei_Granularity_3_RNA
feature_668,Nuclei_Granularity_4_AGP
feature_669,Nuclei_Granularity_4_DNA
feature_670,Nuclei_Granularity_4_HighZBF
feature_671,Nuclei_Granularity_5_DNA
feature_672,Nuclei_Granularity_5_HighZBF
feature_673,Nuclei_Granularity_6_HighZBF
feature_674,Nuclei_Granularity_6_LowZBF
feature_675,Nuclei_Granularity_7_AGP
feature_676,Nuclei_Granularity_7_Brightfield
feature_677,Nuclei_Granularity_7_DNA
feature_678,Nuclei_Granularity_7_HighZBF
feature_679,Nuclei_Granularity_7_LowZBF
feature_680,Nuclei_Granularity_8_AGP
feature_681,Nuclei_Granularity_8_HighZBF
feature_682,Nuclei_Granularity_8_RNA
feature_683,Nuclei_Granularity_9_AGP
feature_684,Nuclei_Granularity_9_HighZBF
feature_685,Nuclei_Granularity_9_Mito
feature_686,Nuclei_Granularity_9_RNA
feature_687,Nuclei_Intensity_IntegratedIntensityEdge_AGP
feature_688,Nuclei_Intensity_IntegratedIntensityEdge_DNA
feature_689,Nuclei_Intensity_IntegratedIntensityEdge_ER
feature_690,Nuclei_Intensity_IntegratedIntensityEdge_Mito
feature_691,Nuclei_Intensity_IntegratedIntensityEdge_RNA
feature_692,Nuclei_Intensity_IntegratedIntensity_AGP
feature_693,Nuclei_Intensity_IntegratedIntensity_DNA
feature_694,Nuclei_Intensity_LowerQuartileIntensity_AGP
feature_695,Nuclei_Intensity_LowerQuartileIntensity_DNA
feature_696,Nuclei_Intensity_LowerQuartileIntensity_ER
feature_697,Nuclei_Intensity_MassDisplacement_AGP
feature_698,Nuclei_Intensity_MassDisplacement_Brightfield
feature_699,Nuclei_Intensity_MassDisplacement_DNA
feature_700,Nuclei_Intensity_MassDisplacement_ER
feature_701,Nuclei_Intensity_MassDisplacement_HighZBF
feature_702,Nuclei_Intensity_MassDisplacement_Mito
feature_703,Nuclei_Intensity_MassDisplacement_RNA
feature_704,Nuclei_Intensity_MaxIntensityEdge_RNA
feature_705,Nuclei_Intensity_MeanIntensityEdge_DNA
feature_706,Nuclei_Intensity_MeanIntensityEdge_ER
feature_707,Nuclei_Intensity_MeanIntensityEdge_RNA
feature_708,Nuclei_Intensity_MedianIntensity_DNA
feature_709,Nuclei_Intensity_MinIntensityEdge_DNA
feature_710,Nuclei_Intensity_MinIntensityEdge_ER
feature_711,Nuclei_Intensity_MinIntensityEdge_Mito
feature_712,Nuclei_Intensity_MinIntensity_AGP
feature_713,Nuclei_Intensity_MinIntensity_RNA
feature_714,Nuclei_Intensity_StdIntensityEdge_DNA
feature_715,Nuclei_Neighbors_AngleBetweenNeighbors_1
feature_716,Nuclei_Neighbors_PercentTouching_1
feature_717,Nuclei_RadialDistribution_FracAtD_AGP_3of4
feature_718,Nuclei_RadialDistribution_FracAtD_Brightfield_3of4
feature_719,Nuclei_RadialDistribution_FracAtD_Brightfield_4of4
feature_720,Nuclei_RadialDistribution_FracAtD_DNA_3of4
feature_721,Nuclei_RadialDistribution_FracAtD_DNA_4of4
feature_722,Nuclei_RadialDistribution_FracAtD_HighZBF_2of4
feature_723,Nuclei_RadialDistribution_FracAtD_HighZBF_3of4
feature_724,Nuclei_RadialDistribution_FracAtD_HighZBF_4of4
feature_725,Nuclei_RadialDistribution_FracAtD_Mito_3of4
feature_726,Nuclei_RadialDistribution_FracAtD_RNA_3of4
feature_727,Nuclei_RadialDistribution_MeanFrac_AGP_2of4
feature_728,Nuclei_RadialDistribution_MeanFrac_AGP_4of4
feature_729,Nuclei_RadialDistribution_MeanFrac_Brightfield_2of4
feature_730,Nuclei_RadialDistribution_MeanFrac_Brightfield_4of4
feature_731,Nuclei_RadialDistribution_MeanFrac_DNA_1of4
feature_732,Nuclei_RadialDistribution_MeanFrac_ER_1of4
feature_733,Nuclei_RadialDistribution_MeanFrac_HighZBF_1of4
feature_734,Nuclei_RadialDistribution_MeanFrac_HighZBF_2of4
feature_735,Nuclei_RadialDistribution_MeanFrac_HighZBF_3of4
feature_736,Nuclei_RadialDistribution_MeanFrac_HighZBF_4of4
feature_737,Nuclei_RadialDistribution_MeanFrac_LowZBF_1of4
feature_738,Nuclei_RadialDistribution_MeanFrac_LowZBF_3of4
feature_739,Nuclei_RadialDistribution_MeanFrac_Mito_2of4
feature_740,Nuclei_RadialDistribution_MeanFrac_Mito_4of4
feature_741,Nuclei_RadialDistribution_MeanFrac_RNA_1of4
feature_742,Nuclei_RadialDistribution_MeanFrac_RNA_4of4
feature_743,Nuclei_RadialDistribution_RadialCV_AGP_1of4
feature_744,Nuclei_RadialDistribution_RadialCV_AGP_3of4
feature_745,Nuclei_RadialDistribution_RadialCV_AGP_4of4
feature_746,Nuclei_RadialDistribution_RadialCV_DNA_1of4
feature_747,Nuclei_RadialDistribution_RadialCV_DNA_4of4
feature_748,Nuclei_RadialDistribution_RadialCV_ER_1of4
feature_749,Nuclei_RadialDistribution_RadialCV_ER_2of4
feature_750,Nuclei_RadialDistribution_RadialCV_ER_3of4
feature_751,Nuclei_RadialDistribution_RadialCV_ER_4of4
feature_752,Nuclei_RadialDistribution_RadialCV_HighZBF_1of4
feature_753,Nuclei_RadialDistribution_RadialCV_HighZBF_2of4
feature_754,Nuclei_RadialDistribution_RadialCV_LowZBF_1of4
feature_755,Nuclei_RadialDistribution_RadialCV_Mito_1of4
feature_756,Nuclei_RadialDistribution_RadialCV_Mito_4of4
feature_757,Nuclei_RadialDistribution_RadialCV_RNA_1of4
feature_758,Nuclei_RadialDistribution_RadialCV_RNA_2of4
feature_759,Nuclei_RadialDistribution_RadialCV_RNA_3of4
feature_760,Nuclei_RadialDistribution_RadialCV_RNA_4of4
feature_761,Nuclei_Texture_AngularSecondMoment_AGP_10_03_256
feature_762,Nuclei_Texture_AngularSecondMoment_AGP_5_03_256
feature_763,Nuclei_Texture_AngularSecondMoment_Brightfield_10_03_256
feature_764,Nuclei_Texture_AngularSecondMoment_DNA_10_01_256
feature_765,Nuclei_Texture_AngularSecondMoment_DNA_10_02_256
feature_766,Nuclei_Texture_AngularSecondMoment_DNA_10_03_256
feature_767,Nuclei_Texture_AngularSecondMoment_DNA_5_03_256
feature_768,Nuclei_Texture_AngularSecondMoment_HighZBF_10_00_256
feature_769,Nuclei_Texture_AngularSecondMoment_HighZBF_10_01_256
feature_770,Nuclei_Texture_AngularSecondMoment_HighZBF_10_03_256
feature_771,Nuclei_Texture_AngularSecondMoment_HighZBF_5_03_256
feature_772,Nuclei_Texture_AngularSecondMoment_LowZBF_10_01_256
feature_773,Nuclei_Texture_AngularSecondMoment_LowZBF_10_03_256
feature_774,Nuclei_Texture_AngularSecondMoment_LowZBF_5_03_256
feature_775,Nuclei_Texture_AngularSecondMoment_RNA_10_00_256
feature_776,Nuclei_Texture_AngularSecondMoment_RNA_10_01_256
feature_777,Nuclei_Texture_AngularSecondMoment_RNA_10_03_256
feature_778,Nuclei_Texture_AngularSecondMoment_RNA_5_03_256
feature_779,Nuclei_Texture_Contrast_AGP_3_01_256
feature_780,Nuclei_Texture_Contrast_DNA_3_02_256
feature_781,Nuclei_Texture_Contrast_Mito_3_01_256
feature_782,Nuclei_Texture_Contrast_RNA_3_01_256
feature_783,Nuclei_Texture_Correlation_AGP_10_00_256
feature_784,Nuclei_Texture_Correlation_AGP_10_01_256
feature_785,Nuclei_Texture_Correlation_AGP_10_02_256
feature_786,Nuclei_Texture_Correlation_AGP_10_03_256
feature_787,Nuclei_Texture_Correlation_AGP_5_00_256
feature_788,Nuclei_Texture_Correlation_AGP_5_01_256
feature_789,Nuclei_Texture_Correlation_AGP_5_02_256
feature_790,Nuclei_Texture_Correlation_AGP_5_03_256
feature_791,Nuclei_Texture_Correlation_Brightfield_10_00_256
feature_792,Nuclei_Texture_Correlation_Brightfield_10_01_256
feature_793,Nuclei_Texture_Correlation_Brightfield_10_02_256
feature_794,Nuclei_Texture_Correlation_Brightfield_10_03_256
feature_795,Nuclei_Texture_Correlation_Brightfield_3_00_256
feature_796,Nuclei_Texture_Correlation_Brightfield_3_01_256
feature_797,Nuclei_Texture_Correlation_Brightfield_3_02_256
feature_798,Nuclei_Texture_Correlation_Brightfield_3_03_256
feature_799,Nuclei_Texture_Correlation_Brightfield_5_00_256
feature_800,Nuclei_Texture_Correlation_Brightfield_5_01_256
feature_801,Nuclei_Texture_Correlation_Brightfield_5_02_256
feature_802,Nuclei_Texture_Correlation_Brightfield_5_03_256
feature_803,Nuclei_Texture_Correlation_DNA_10_00_256
feature_804,Nuclei_Texture_Correlation_DNA_10_01_256
feature_805,Nuclei_Texture_Correlation_DNA_10_02_256
feature_806,Nuclei_Texture_Correlation_DNA_10_03_256
feature_807,Nuclei_Texture_Correlation_DNA_3_00_256
feature_808,Nuclei_Texture_Correlation_DNA_3_02_256
feature_809,Nuclei_Texture_Correlation_DNA_5_01_256
feature_810,Nuclei_Texture_Correlation_DNA_5_03_256
feature_811,Nuclei_Texture_Correlation_ER_10_00_256
feature_812,Nuclei_Texture_Correlation_ER_10_01_256
feature_813,Nuclei_Texture_Correlation_ER_10_02_256
feature_814,Nuclei_Texture_Correlation_ER_10_03_256
feature_815,Nuclei_Texture_Correlation_ER_3_01_256
feature_816,Nuclei_Texture_Correlation_ER_5_00_256
feature_817,Nuclei_Texture_Correlation_ER_5_01_256
feature_818,Nuclei_Texture_Correlation_ER_5_02_256
feature_819,Nuclei_Texture_Correlation_ER_5_03_256
feature_820,Nuclei_Texture_Correlation_HighZBF_10_00_256
feature_821,Nuclei_Texture_Correlation_HighZBF_10_01_256
feature_822,Nuclei_Texture_Correlation_HighZBF_10_02_256
feature_823,Nuclei_Texture_Correlation_HighZBF_10_03_256
feature_824,Nuclei_Texture_Correlation_HighZBF_3_00_256
feature_825,Nuclei_Texture_Correlation_HighZBF_3_01_256
feature_826,Nuclei_Texture_Correlation_HighZBF_3_02_256
feature_827,Nuclei_Texture_Correlation_HighZBF_3_03_256
feature_828,Nuclei_Texture_Correlation_HighZBF_5_00_256
feature_829,Nuclei_Texture_Correlation_HighZBF_5_01_256
feature_830,Nuclei_Texture_Correlation_HighZBF_5_02_256
feature_831,Nuclei_Texture_Correlation_HighZBF_5_03_256
feature_832,Nuclei_Texture_Correlation_LowZBF_10_00_256
feature_833,Nuclei_Texture_Correlation_LowZBF_10_01_256
feature_834,Nuclei_Texture_Correlation_LowZBF_10_02_256
feature_835,Nuclei_Texture_Correlation_LowZBF_10_03_256
feature_836,Nuclei_Texture_Correlation_LowZBF_3_00_256
feature_837,Nuclei_Texture_Correlation_LowZBF_3_01_256
feature_838,Nuclei_Texture_Correlation_LowZBF_3_02_256
feature_839,Nuclei_Texture_Correlation_LowZBF_3_03_256
feature_840,Nuclei_Texture_Correlation_LowZBF_5_00_256
feature_841,Nuclei_Texture_Correlation_LowZBF_5_01_256
feature_842,Nuclei_Texture_Correlation_LowZBF_5_02_256
feature_843,Nuclei_Texture_Correlation_LowZBF_5_03_256
feature_844,Nuclei_Texture_Correlation_Mito_10_00_256
feature_845,Nuclei_Texture_Correlation_Mito_10_01_256
feature_846,Nuclei_Texture_Correlation_Mito_10_02_256
feature_847,Nuclei_Texture_Correlation_Mito_10_03_256
feature_848,Nuclei_Texture_Correlation_Mito_5_00_256
feature_849,Nuclei_Texture_Correlation_Mito_5_01_256
feature_850,Nuclei_Texture_Correlation_Mito_5_02_256
feature_851,Nuclei_Texture_Correlation_Mito_5_03_256
feature_852,Nuclei_Texture_Correlation_RNA_10_00_256
feature_853,Nuclei_Texture_Correlation_RNA_10_01_256
feature_854,Nuclei_Texture_Correlation_RNA_10_02_256
feature_855,Nuclei_Texture_Correlation_RNA_10_03_256
feature_856,Nuclei_Texture_Correlation_RNA_5_00_256
feature_857,Nuclei_Texture_Correlation_RNA_5_01_256
feature_858,Nuclei_Texture_Correlation_RNA_5_02_256
feature_859,Nuclei_Texture_Correlation_RNA_5_03_256
feature_860,Nuclei_Texture_DifferenceVariance_AGP_10_01_256
feature_861,Nuclei_Texture_DifferenceVariance_ER_10_00_256
feature_862,Nuclei_Texture_DifferenceVariance_ER_10_03_256
feature_863,Nuclei_Texture_DifferenceVariance_RNA_10_03_256
feature_864,Nuclei_Texture_Entropy_AGP_10_03_256
feature_865,Nuclei_Texture_Entropy_Brightfield_10_03_256
feature_866,Nuclei_Texture_Entropy_DNA_10_02_256
feature_867,Nuclei_Texture_Entropy_DNA_5_03_256
feature_868,Nuclei_Texture_Entropy_ER_10_03_256
feature_869,Nuclei_Texture_Entropy_HighZBF_10_03_256
feature_870,Nuclei_Texture_Entropy_HighZBF_5_03_256
feature_871,Nuclei_Texture_Entropy_LowZBF_10_03_256
feature_872,Nuclei_Texture_Entropy_RNA_10_03_256
feature_873,Nuclei_Texture_Entropy_RNA_5_03_256
feature_874,Nuclei_Texture_InfoMeas1_AGP_3_02_256
feature_875,Nuclei_Texture_InfoMeas1_DNA_10_01_256
feature_876,Nuclei_Texture_InfoMeas1_ER_10_03_256
feature_877,Nuclei_Texture_InfoMeas1_ER_3_02_256
feature_878,Nuclei_Texture_InfoMeas1_HighZBF_10_03_256
feature_879,Nuclei_Texture_InfoMeas1_HighZBF_3_02_256
feature_880,Nuclei_Texture_InfoMeas1_Mito_10_01_256
feature_881,Nuclei_Texture_InfoMeas1_Mito_3_02_256
feature_882,Nuclei_Texture_InfoMeas2_AGP_10_01_256
feature_883,Nuclei_Texture_InfoMeas2_AGP_3_02_256
feature_884,Nuclei_Texture_InfoMeas2_DNA_10_01_256
feature_885,Nuclei_Texture_InfoMeas2_DNA_3_00_256
feature_886,Nuclei_Texture_InfoMeas2_DNA_5_03_256
feature_887,Nuclei_Texture_InfoMeas2_ER_3_02_256
feature_888,Nuclei_Texture_InfoMeas2_HighZBF_10_01_256
feature_889,Nuclei_Texture_InfoMeas2_HighZBF_3_02_256
feature_890,Nuclei_Texture_InfoMeas2_LowZBF_10_03_256
feature_891,Nuclei_Texture_InfoMeas2_Mito_10_01_256
feature_892,Nuclei_Texture_InfoMeas2_Mito_3_02_256
feature_893,Nuclei_Texture_InfoMeas2_RNA_10_01_256
feature_894,Nuclei_Texture_InfoMeas2_RNA_3_02_256
feature_895,Nuclei_Texture_InverseDifferenceMoment_AGP_10_03_256
feature_896,Nuclei_Texture_InverseDifferenceMoment_DNA_5_01_256
feature_897,Nuclei_Texture_InverseDifferenceMoment_ER_10_03_256
feature_898,Nuclei_Texture_InverseDifferenceMoment_RNA_5_03_256
feature_899,Nuclei_Texture_SumAverage_LowZBF_10_00_256
feature_900,Nuclei_Texture_SumVariance_Brightfield_5_00_256
feature_901,Nuclei_Texture_SumVariance_ER_10_03_256
feature_902,Nuclei_Texture_SumVariance_HighZBF_3_00_256
feature_903,Nuclei_Texture_SumVariance_Mito_10_01_256
